Month,Category,Region,Revenue,Units,Discount,Margin,Profit
2025-01-01,T-Shirts,North,56518.99742131362,1520.3131915081315,0.1537781064472967,0.19726185861180393,11149.042478204079
2025-01-01,T-Shirts,South,48679.0954283547,1815.8487963552334,0.23106457669783262,0.23598761367611037,11487.663566049081
2025-01-01,T-Shirts,West,56857.75717478811,2084.7750933757516,0.1844152019613684,0.2054563735121261,11681.788595165033
2025-01-01,T-Shirts,East,39051.355784095045,1167.6076186896478,0.08237869753691353,0.2414873923386462,9430.41007558982
2025-01-01,Shirts,North,46955.97778406377,1604.8605158276107,0.17414112996678732,0.20443357145186516,9599.378239410595
2025-01-01,Shirts,South,38151.55415571949,1000.4821747561157,0.16303876921095659,0.1830702442586942,6984.4143381363665
2025-01-01,Shirts,West,51173.32578553174,1464.781543359334,0.16499151653694397,0.21124408445836268,10810.062354254176
2025-01-01,Shirts,East,39124.15318887529,1518.9069126811146,0.13292320244967715,0.3083066156004258,12062.235257894747
2025-01-01,Jeans,North,64490.09038604248,2619.5258835497043,0.08240300819698448,0.2531281812469369,16324.259287869505
2025-01-01,Jeans,South,57321.76435565635,1595.5775738393334,0.139398861775214,0.17262194404288295,9894.994399041432
2025-01-01,Jeans,West,63464.91354859353,1531.0265454686528,0.13885875561411057,0.24905177659694647,15806.049470848837
2025-01-01,Jeans,East,50603.813515624155,1246.5916718872431,0.12479582729252918,0.23578283110198966,11931.510415270992
2025-01-01,Dresses,North,52486.09949054804,1348.6581285143218,0.09760701062223812,0.20870381287456954,10954.049086591378
2025-01-01,Dresses,South,47273.87242465289,1399.9387337569683,0.14458377862276578,0.22591779766746087,10680.00914539009
2025-01-01,Dresses,West,58353.06155816408,2421.3493339590445,0.15752543299783905,0.2552403962657127,14894.058555423328
2025-01-01,Dresses,East,44810.88814625389,1207.1206399932616,0.09223521145498127,0.24689524283596406,11063.595110564578
2025-01-01,Jackets,North,46322.87742015505,1546.355425494283,0.17389953072050618,0.2229145400033499,10326.042911745426
2025-01-01,Jackets,South,38667.08799696035,1295.2366492335868,0.16656366200773892,0.2791711192972702,10794.734236077462
2025-01-01,Jackets,West,48072.05086050792,1838.129807949044,0.1751589804051411,0.26274808053965315,12630.839091203039
2025-01-01,Jackets,East,35510.30868489652,1041.2667378126569,0.12838782824005218,0.29982678806947194,10646.941796347997
2025-01-01,Activewear,North,44372.294587257864,1814.2579678784214,0.16698561269688508,0.18189876950539108,8071.2657855529305
2025-01-01,Activewear,South,47664.753716031366,1437.6655015097815,0.12011476504731197,0.2604587722363519,12414.70323182562
2025-01-01,Activewear,West,59468.034403329184,2114.917784808107,0.10667784017768588,0.24523710617790298,14583.768667160426
2025-01-01,Activewear,East,37858.59450036981,1407.2789452111135,0.17119309529659332,0.2415887054842813,9146.208836798673
2025-02-01,T-Shirts,North,55540.82091960692,1386.2310939688866,0.18309703449010103,0.2739312126027068,15214.36442345771
2025-02-01,T-Shirts,South,50226.11714777301,1251.596398424428,0.12840761077551915,0.2335891610976464,11732.27656974041
2025-02-01,T-Shirts,West,59381.04126443012,1533.432333918404,0.09414182733405467,0.16411919876835937,9745.568914349156
2025-02-01,T-Shirts,East,43594.383547015714,1557.0567917043043,0.14457784675629537,0.21131804921253994,9212.280087778609
2025-02-01,Shirts,North,51248.2550826519,1537.2217796576397,0.17818228855665424,0.19462921070881684,9974.40743694065
2025-02-01,Shirts,South,48434.45607416979,1167.3181726568598,0.07365529531154313,0.2632926610002373,12752.436823867272
2025-02-01,Shirts,West,55036.024766723516,2207.9219018402996,0.27084589506183787,0.2119253302085302,11663.527722052726
2025-02-01,Shirts,East,38116.90936912913,1346.3109581304939,0.15843797036326404,0.19364297905617395,7381.0718826523525
2025-02-01,Jeans,North,71327.15063712273,2522.4016161176246,0.16383698647090483,0.20459308021794398,14593.041452018224
2025-02-01,Jeans,South,62797.732528869354,1774.8745457944285,0.15640856922101218,0.311922947675995,19588.053837773645
2025-02-01,Jeans,West,67315.28545708179,2721.5741328234944,0.10451660216787527,0.3131503626199898,21079.806050753286
2025-02-01,Jeans,East,52597.15993803333,2164.6185886198264,0.06022014560202403,0.27132265315750254,14270.800982936704
2025-02-01,Dresses,North,55936.953398557416,1535.1741009359368,0.15131165937858318,0.25876010677615663,14474.252034143614
2025-02-01,Dresses,South,51201.83659751913,1933.9417379366682,0.09475360184486933,0.24556408628709708,12573.332220291031
2025-02-01,Dresses,West,65844.01756474441,1700.9562965374907,0.07461110576047203,0.31162214133843347,20518.45374785108
2025-02-01,Dresses,East,50631.20770997617,1785.7227932388612,0.14169472574117906,0.2677706465027932,13557.551221717526
2025-02-01,Jackets,North,44087.98373085705,1189.4068365232104,0.07057945241120758,0.28691462124896744,12649.487153769489
2025-02-01,Jackets,South,43889.54498980687,1720.1791792937142,0.14318826129844067,0.21488180891462288,9431.064819849424
2025-02-01,Jackets,West,55335.81130981575,1548.4914684841754,0.15132248144103044,0.2627446687664409,14539.189413519814
2025-02-01,Jackets,East,33519.72262727749,1185.6791391070424,0.1821368010553332,0.1975282384883235,6621.0917651833215
2025-02-01,Activewear,North,56763.53898919836,1583.9352681866887,0.14857514171214242,0.20763126225147202,11785.885250187901
2025-02-01,Activewear,South,47251.90690733334,1543.227578283293,0.08997185066685146,0.2299564922928116,10865.88276655685
2025-02-01,Activewear,West,56946.02363211245,1421.6305251502013,0.145351838866749,0.28145522537067,16027.75591533971
2025-02-01,Activewear,East,41506.01082436779,1255.9513252703605,0.11809044250429199,0.34387426595413445,14272.849004913833
2025-03-01,T-Shirts,North,62723.82938549428,2158.8779453576217,0.12142790996126729,0.24896953377000725,15616.322558375992
2025-03-01,T-Shirts,South,52329.906239543656,1924.7433130827858,0.14994417466033672,0.26250955616210536,13737.100460947193
2025-03-01,T-Shirts,West,66002.49780973728,1596.3778703014586,0.15672269893044072,0.21931087724228232,14475.0656948353
2025-03-01,T-Shirts,East,47284.06891900255,1528.6576086235407,0.13990682715698405,0.2710065682963771,12814.293252828267
2025-03-01,Shirts,North,55452.05743835314,1357.42939014025,0.10394175495796054,0.27567300861574906,15286.635507964138
2025-03-01,Shirts,South,52278.9940730265,2030.3170971514226,0.16261939233007,0.19307925226040368,10093.989084546032
2025-03-01,Shirts,West,59286.91095430701,1622.2418681026313,0.18523530368657054,0.19160236033476302,11359.51207580214
2025-03-01,Shirts,East,44101.22711763213,1505.9501241595747,0.1831765870243897,0.2438707028233909,10754.997252550933
2025-03-01,Jeans,North,73147.10329398997,1906.3959490729007,0.30337291707946246,0.23040032550121112,16853.116408406004
2025-03-01,Jeans,South,65215.835634856674,1701.6850928510357,0.11581288399118445,0.2760294133203498,18001.48884948585
2025-03-01,Jeans,West,72254.34360197754,2099.864985267384,0.1193431626966996,0.24684262808476845,17835.45206525201
2025-03-01,Jeans,East,51630.18031721317,1528.985627667956,0.1608817085668531,0.1772463465099636,9151.260830876668
2025-03-01,Dresses,North,61334.95034636973,2333.2728022872507,0.17900277686353147,0.28196233303741475,17294.1456963964
2025-03-01,Dresses,South,55143.141620794064,1977.5355802375877,0.09713350157272885,0.26357932508491405,14534.592051470732
2025-03-01,Dresses,West,66969.75675477339,1985.381361205543,0.10067798435773824,0.3024829476581013,20257.209427129896
2025-03-01,Dresses,East,49236.62973683835,1184.5598467562502,0.04,0.2825259010169299,13910.623179437222
2025-03-01,Jackets,North,48317.20775012042,1514.5754776845292,0.1683595000658301,0.204060507255473,9859.633922657644
2025-03-01,Jackets,South,47585.98429318872,1754.690874080771,0.10862746099775697,0.22911386551070512,10902.608805544167
2025-03-01,Jackets,West,58359.61923115582,1626.361235395514,0.148224176993243,0.2513269073434793,14667.34261510943
2025-03-01,Jackets,East,40903.42433020024,1168.3029724777505,0.0616283515320694,0.25148188441345687,10286.470229521998
2025-03-01,Activewear,North,61120.34502042427,2519.4829308293606,0.09815487404715487,0.24733707544126238,15117.327387312662
2025-03-01,Activewear,South,54801.686083197084,2127.3108343575163,0.04,0.24014643255329982,13160.429410785599
2025-03-01,Activewear,West,59774.87531148491,1917.5155391664368,0.07384975681158178,0.3181599529310143,19017.971515559286
2025-03-01,Activewear,East,45839.825525196095,1847.227616717291,0.1948572980079752,0.1715447704059283,7863.582345167576
2025-04-01,T-Shirts,North,67560.25550355665,1884.1851009106624,0.16046048774588142,0.2267528158848372,15319.47817733054
2025-04-01,T-Shirts,South,55400.614616441664,1603.7713647775201,0.16510828053630616,0.25538667542052945,14148.578783147028
2025-04-01,T-Shirts,West,73239.27769835782,2271.0873230166453,0.1042983025527918,0.27753529205333183,20326.48432578881
2025-04-01,T-Shirts,East,47670.843576024425,1540.2610176412686,0.17264463404807648,0.20777989488945242,9905.042867517883
2025-04-01,Shirts,North,56735.496455493085,1447.047799369133,0.13781495794035253,0.21998646394915683,12481.041245643844
2025-04-01,Shirts,South,48930.714728853425,1339.0535167305745,0.2004819943944963,0.2305867851926076,11282.776206502886
2025-04-01,Shirts,West,63607.957142839456,2187.597874086415,0.18833329788656256,0.2433941411059807,15481.80409628744
2025-04-01,Shirts,East,41243.26142768288,1070.6132527029542,0.15905942827161335,0.23843565852074267,9833.864198052714
2025-04-01,Jeans,North,79722.46999230109,2645.5579472396985,0.10337928750238766,0.3081673415285407,24567.861637616286
2025-04-01,Jeans,South,63206.46934770194,1681.8384666872826,0.18874654632194482,0.22467384324446588,14200.840386261723
2025-04-01,Jeans,West,81986.04860435637,2644.231000305103,0.11603799595329448,0.23990028523624793,19668.47644557798
2025-04-01,Jeans,East,53825.7716958457,1309.5939407715084,0.13436481842467232,0.2638028094416566,14199.389793729299
2025-04-01,Dresses,North,62972.81116755283,2150.8728220074654,0.2241574274058457,0.2537172026702041,15977.285493710491
2025-04-01,Dresses,South,53565.494000689825,1426.7869584873001,0.15808539176734698,0.2566622057056783,13748.23783993133
2025-04-01,Dresses,West,69906.90009594208,2792.248723366319,0.08962355328313759,0.18548113514884207,12966.411184532033
2025-04-01,Dresses,East,54113.52849696208,1353.559819201219,0.09285262614433698,0.24625307639162727,13325.622866782902
2025-04-01,Jackets,North,53700.508991525974,1528.712805495228,0.10463239512382114,0.23821304246507297,12792.161628794409
2025-04-01,Jackets,South,46170.970150619716,1190.1734229678598,0.10880327624717548,0.26004060112100585,12006.32683230717
2025-04-01,Jackets,West,51267.59137418547,1327.1310085241996,0.06666413015305502,0.24341959393077595,12479.536274113178
2025-04-01,Jackets,East,42204.24358641526,1654.8728478062287,0.1439908404519102,0.29124067343506577,12291.592323925135
2025-04-01,Activewear,North,62657.16258936183,2409.746776946238,0.12280276615164579,0.23643768337425317,14814.514369432634
2025-04-01,Activewear,South,52017.10274026702,1603.689624212424,0.14452233521521404,0.21046409965034377,10947.732694649729
2025-04-01,Activewear,West,65289.95007772764,1580.1394705667021,0.198973251085116,0.16976301308368652,11083.818649278517
2025-04-01,Activewear,East,42668.49422880332,1076.541602897681,0.14008416168146876,0.24141127743884874,10300.655698167555
2025-05-01,T-Shirts,North,66749.02402542625,1610.4496427438767,0.12521455972650403,0.3258265495105757,21748.604181403152
2025-05-01,T-Shirts,South,59022.366068356125,1616.011724052959,0.25689321058802006,0.17323021159311122,10224.4569627474
2025-05-01,T-Shirts,West,73812.8643821466,2974.1623315356214,0.16825039025822583,0.22722974566258808,16772.478400182277
2025-05-01,T-Shirts,East,52315.98533869975,1487.8394261215803,0.12221251710186509,0.22624687642380642,11836.328269914471
2025-05-01,Shirts,North,52998.62645932593,1535.9334106016904,0.13634102402436576,0.17533591349422428,9292.562584185078
2025-05-01,Shirts,South,53221.57670746803,1377.0738285577147,0.1195713397893239,0.2653672020764643,14123.260900958716
2025-05-01,Shirts,West,59038.5447251995,1447.4093898262395,0.24241564446344593,0.20257813538507718,11959.918306279398
2025-05-01,Shirts,East,44179.329645564365,1144.8399971946963,0.08290894619091052,0.3083674019289708,13623.46510176624
2025-05-01,Jeans,North,77392.69501107413,2459.5070176639165,0.18570173403880577,0.221202389843308,17119.44909286386
2025-05-01,Jeans,South,67517.96656456312,1706.5073128552096,0.13023596648731825,0.24606173251120456,16613.587828509983
2025-05-01,Jeans,West,80578.81777162851,2509.4778458730048,0.15802824695563744,0.18678945952156187,15051.273820448914
2025-05-01,Jeans,East,59958.57172953147,1661.334288237019,0.060964862316897,0.31338098695553385,18789.876385044743
2025-05-01,Dresses,North,70206.04694822899,2104.1484675448373,0.0963181058549551,0.26030881433825204,18275.252840469147
2025-05-01,Dresses,South,65068.11399336104,1654.024564918236,0.2227336566196894,0.27348014966862083,17794.837553559257
2025-05-01,Dresses,West,72141.06736467809,2731.346307344179,0.173720692792946,0.28131433860842564,20294.316652200298
2025-05-01,Dresses,East,54048.8602741693,1941.873714270238,0.17762910190823145,0.16627393230730997,8986.916534514481
2025-05-01,Jackets,North,51328.42989263519,1274.4534519074987,0.04,0.28300470467106975,14526.187142994931
2025-05-01,Jackets,South,42040.23938783941,1103.251732922514,0.20328769955070813,0.17054575411973094,7169.784329773088
2025-05-01,Jackets,West,52786.61687433418,1636.0615886842413,0.12750035354965217,0.24515790636903617,12941.056477216203
2025-05-01,Jackets,East,41966.96586034474,1402.7550831868627,0.07129887247728162,0.28848393384200277,12106.79540280528
2025-05-01,Activewear,North,63823.45605488678,2340.0977823381763,0.08770540961526901,0.2854609877410689,18219.106806476684
2025-05-01,Activewear,South,53531.980475355704,1645.5525848001412,0.08564232791490053,0.2776668132729094,14864.054426779623
2025-05-01,Activewear,West,64434.517009808485,2370.1195368205636,0.09432072254819451,0.20679463668499354,13324.712535016382
2025-05-01,Activewear,East,46292.66071540771,1514.9679811520753,0.21841263098123753,0.21478980347557736,9943.191497424
2025-06-01,T-Shirts,North,67842.60144869017,1707.8313437514653,0.16962909598304,0.2604272156669538,17668.059798885228
2025-06-01,T-Shirts,South,59261.37393321165,1581.6245127331406,0.13612744835752627,0.222201754652302,13167.98127106582
2025-06-01,T-Shirts,West,73720.49372063037,2098.589848069222,0.05641354758689869,0.24832691195048637,18306.782553109362
2025-06-01,T-Shirts,East,46403.38673443595,1238.9276420858498,0.1859450633375095,0.23581298324089545,10942.521058328335
2025-06-01,Shirts,North,74572.91637524331,2876.0322299010813,0.21038087101455596,0.2696992545016887,20112.259952419892
2025-06-01,Shirts,South,47962.119521563516,1690.9225203875556,0.12596421646220635,0.19613364440230915,9406.985295023389
2025-06-01,Shirts,West,65249.53556174842,2494.656603648726,0.11133033983735223,0.25867217669551507,16878.23939212888
2025-06-01,Shirts,East,50080.00019101286,1382.5148791259094,0.1596412311407522,0.2859236139618876,14319.054641826418
2025-06-01,Jeans,North,83122.19255149078,2404.9375216596263,0.09124221094022814,0.24264756661034678,20169.39775393593
2025-06-01,Jeans,South,78236.50018872492,2975.1739768985553,0.09059717859768593,0.20989299690705815,16421.293492131095
2025-06-01,Jeans,West,92281.08494363408,3034.5896317519405,0.2159237488211559,0.21539587051916287,19876.964623886877
2025-06-01,Jeans,East,62331.15263720191,2204.8451109281964,0.1007210843895178,0.2376982320319044,14816.00478237367
2025-06-01,Dresses,North,70884.47302322413,2613.664412264782,0.09112041536440829,0.17051127136427952,12086.60161517692
2025-06-01,Dresses,South,66113.79372083637,1586.1163300827293,0.11924733789101157,0.21649870356669002,14313.550628436646
2025-06-01,Dresses,West,75265.97056508999,2779.8063114032184,0.16399260516215902,0.25109366953030754,18898.80873994856
2025-06-01,Dresses,East,55419.909373576105,1628.9561405229138,0.05487676234953828,0.2898107399109593,16061.284941354399
2025-06-01,Jackets,North,56219.673474393116,1884.9073628430488,0.15567694008669217,0.24530457821219256,13790.943288863195
2025-06-01,Jackets,South,43087.165551387014,1519.1127738738144,0.1416875125774667,0.20875828871923233,8994.80294626981
2025-06-01,Jackets,West,64071.55611606407,2392.6466018838782,0.05523159719789682,0.36,23065.760201783065
2025-06-01,Jackets,East,39766.61297652725,1594.9502356547573,0.09128139856222214,0.24459206645517834,9726.59804385211
2025-06-01,Activewear,North,70167.18165167134,2454.811468982218,0.1040398658714583,0.2923075656139851,20510.39805459433
2025-06-01,Activewear,South,60268.77852211194,1735.7770590269135,0.04,0.24810866605853327,14953.206244098374
2025-06-01,Activewear,West,72773.11169186444,1868.3174418372573,0.12086295762806533,0.2536384897838402,18458.06214639522
2025-06-01,Activewear,East,49965.44745912792,1832.7741808427845,0.1338965404362805,0.237687507608579,11876.162673107523
2025-07-01,T-Shirts,North,72945.12530715595,2750.9953522749843,0.1714489379485546,0.20918480987265714,15259.012168514568
2025-07-01,T-Shirts,South,61531.01854287843,2283.5099578858285,0.17775034640702336,0.21305292192883257,13109.363289817427
2025-07-01,T-Shirts,West,73873.8306820488,2425.3572037288614,0.2533930359390447,0.1918553212676205,14173.087518774275
2025-07-01,T-Shirts,East,53929.579530097304,1393.5727617023233,0.06828439591699659,0.23081744054694203,12447.887516909817
2025-07-01,Shirts,North,55577.637121682215,1483.7729490172735,0.14418189321814112,0.18422751958762715,10238.930231468745
2025-07-01,Shirts,South,53918.96510754242,1341.5233349595296,0.19732325115325702,0.14354712628108407,7739.912493237757
2025-07-01,Shirts,West,66574.8006576918,2550.3516905931247,0.19468893372491353,0.22764067650050043,15155.132659602921
2025-07-01,Shirts,East,47779.12133730563,1591.1363495306412,0.17523233833724863,0.21413360459543493,10231.115476359912
2025-07-01,Jeans,North,83204.29779372763,2075.434267595355,0.2321811786011978,0.19167776165234057,15948.413560956491
2025-07-01,Jeans,South,71471.09236222183,2413.66718690502,0.16736511174449106,0.20145927698261776,14398.514592451103
2025-07-01,Jeans,West,85635.95780488796,2270.0502569356463,0.10850541489556975,0.23985966910449713,20540.612502527107
2025-07-01,Jeans,East,62871.72213101175,1621.1308961021339,0.1178556279117983,0.21449380017848982,13485.59460364677
2025-07-01,Dresses,North,69439.68026353476,2468.8325337603856,0.14697852218701835,0.2722922783895812,18907.888749601912
2025-07-01,Dresses,South,65208.99789265228,1834.7718550487214,0.14860457064506655,0.303676253713759,19802.42418846905
2025-07-01,Dresses,West,72298.00028994266,2651.312461584435,0.07399053835098623,0.270074108702485,19525.817989278265
2025-07-01,Dresses,East,55675.74934720137,1783.6030364023613,0.1594464545359326,0.23224827743055765,12930.596880543011
2025-07-01,Jackets,North,57552.357882396886,1738.4270057931908,0.07935299287157306,0.25512683480649406,14683.150902186497
2025-07-01,Jackets,South,49413.77662519208,1244.7349963927688,0.13492276575722018,0.26817886382142714,13251.730472469806
2025-07-01,Jackets,West,61720.41247422139,1680.3679843145974,0.1400747810925609,0.24973236425768136,15413.584530146596
2025-07-01,Jackets,East,39729.416445677314,1137.6983304202547,0.20169339819877286,0.201514761955338,8006.063897675154
2025-07-01,Activewear,North,61072.93707434455,1463.6261857361953,0.12433958859551583,0.33533533255238146,20479.913663775995
2025-07-01,Activewear,South,57782.29450426999,1853.0628027813827,0.12288964456394548,0.23204778695445938,13408.25356486667
2025-07-01,Activewear,West,64705.628580576,1921.5809803692973,0.05553144976604038,0.2625182075812623,16986.40563539171
2025-07-01,Activewear,East,49969.55193321565,1652.1504876147276,0.11488968853194423,0.3082043623989483,15400.833892937862
2025-08-01,T-Shirts,North,63689.605084895615,2400.172667453122,0.09235856710968522,0.25744163059951686,16396.355785294807
2025-08-01,T-Shirts,South,52108.09158961046,1652.092719154267,0.1496079461406095,0.2620044416192563,13652.551440780955
2025-08-01,T-Shirts,West,75515.536762477,3115.880130608018,0.21069542632964908,0.18065487481553413,13642.249840453149
2025-08-01,T-Shirts,East,49691.67949399581,1203.2097577126947,0.14790000892503263,0.1995065900702801,9913.817530712366
2025-08-01,Shirts,North,66664.9507625368,2644.6604039339577,0.16266482953065198,0.205678279981065,13711.532407860956
2025-08-01,Shirts,South,52665.365429702746,1311.226075255398,0.13418520969038938,0.22389511366495,11791.517979089424
2025-08-01,Shirts,West,61842.5437444829,1810.0005743175057,0.1355458852989806,0.2911593195617669,18006.032956612446
2025-08-01,Shirts,East,37284.85443611415,1167.5696852276876,0.2160738336623933,0.1418055000838771,5287.19742886773
2025-08-01,Jeans,North,74366.40071537801,1882.1151802405132,0.11328516103018939,0.2451044648027475,18227.536846649386
2025-08-01,Jeans,South,67821.80504062306,2348.936923639993,0.0800240869540377,0.3233210350859136,21928.21620712928
2025-08-01,Jeans,West,84546.58866732978,3452.610594711593,0.18721997927473716,0.19981655363275844,16893.807968912268
2025-08-01,Jeans,East,54410.94822006379,1507.476135207185,0.1063965880174102,0.26988930383688353,14684.932936217732
2025-08-01,Dresses,North,62587.113402788214,2426.80289677691,0.16208492935775748,0.2617555115091111,16382.521882625571
2025-08-01,Dresses,South,55327.59605310807,1404.163312103984,0.1137565225381414,0.29076176022939915,16087.14921766286
2025-08-01,Dresses,West,66949.02770119172,2286.7714301109263,0.15771710231249186,0.1763567431682338,11806.912483662038
2025-08-01,Dresses,East,55047.097697676065,1373.8387978925173,0.10647746407664323,0.289448210477466,15933.283920570575
2025-08-01,Jackets,North,51359.45129724442,1483.2922169377402,0.06661924166363982,0.2931555703427844,15056.309237536147
2025-08-01,Jackets,South,42849.49256991696,1365.96426027233,0.04,0.3353759728901513,14370.69025848521
2025-08-01,Jackets,West,57339.29895285741,1519.1268867687095,0.12564790996583236,0.28003702566800437,16057.126732646706
2025-08-01,Jackets,East,39887.74774113928,1038.8139130099703,0.11363745045037649,0.24823379551213087,9901.487016213428
2025-08-01,Activewear,North,61915.203861494956,1748.8882157191176,0.05304242233045185,0.24963524457579692,15456.21705892462
2025-08-01,Activewear,South,51725.45324433858,1325.3168714984054,0.1308295269879427,0.2563750252418785,13261.11438116491
2025-08-01,Activewear,West,62673.01258122886,2575.8468495336806,0.09497628735689594,0.19972254491591498,12517.213570270185
2025-08-01,Activewear,East,46912.98570098883,1380.8007050806896,0.17631200367965397,0.2448317105965776,11485.786538365881
2025-09-01,T-Shirts,North,62757.27760920834,1802.888059256721,0.20422109427754814,0.18339109079814014,11509.125596274413
2025-09-01,T-Shirts,South,55324.11320908173,1367.3977533447176,0.07716065959007597,0.21820857530772383,12072.195923516949
2025-09-01,T-Shirts,West,63396.62773839665,2348.6233978643513,0.16117409725948753,0.22140860793878997,14036.559095572082
2025-09-01,T-Shirts,East,46785.24223971008,1342.215163089741,0.13248169886536232,0.19439826700743537,9094.970012922704
2025-09-01,Shirts,North,53094.99275548653,1437.2206483046566,0.099174192747265,0.2753778761105159,14621.186337109108
2025-09-01,Shirts,South,43948.261315645555,1349.3931801995325,0.18219930553964003,0.2326995073904466,10226.73875881734
2025-09-01,Shirts,West,56538.59600639676,2301.938587199301,0.19151394457340462,0.24423495965090594,13808.701714341183
2025-09-01,Shirts,East,38334.76073879967,1537.9634320002542,0.2752038042220958,0.1903165720319037,7295.740253471561
2025-09-01,Jeans,North,77185.68014247435,2977.9840803197317,0.09835706086933507,0.2618696183512148,20212.584601088696
2025-09-01,Jeans,South,61965.06540961924,1882.358505357253,0.10178648239955047,0.3178104306900498,19693.1441255682
2025-09-01,Jeans,West,80013.71289972462,2084.2611248269095,0.10468899508475796,0.21528651898617301,17225.873721340762
2025-09-01,Jeans,East,57065.18311388191,1648.1322952798046,0.09727882708788091,0.247289258274939,14111.606805555431
2025-09-01,Dresses,North,64002.95317199585,2341.652040118743,0.1579302443897805,0.2719843181945113,17407.799580920524
2025-09-01,Dresses,South,56251.13921841502,1512.9388559674344,0.1551905701568968,0.27351062583949787,15385.284291813414
2025-09-01,Dresses,West,71304.92251248605,2502.451816332846,0.15066310356527965,0.183838598592731,13108.59702745871
2025-09-01,Dresses,East,47906.76770876227,1146.697784072004,0.14933281986096636,0.24500258209937065,11737.281788681506
2025-09-01,Jackets,North,51939.20583626319,1283.121522699743,0.07254631408808608,0.2802411806722679,14555.504366734342
2025-09-01,Jackets,South,43977.85773662064,1060.242686832282,0.12822001807645053,0.26897551808128417,11828.967068812548
2025-09-01,Jackets,West,54374.361751180666,1828.0900953750738,0.13133902627730853,0.1948507435201859,10594.88481565311
2025-09-01,Jackets,East,39324.458641282145,1502.6424221012421,0.13999601972351708,0.22424519133854728,8818.320752299103
2025-09-01,Activewear,North,62343.139719949504,2476.2517563934407,0.08974267140012232,0.2730300288925015,17021.54923898707
2025-09-01,Activewear,South,45327.22657338446,1185.5519174013268,0.17643300427608857,0.17625383544707496,7989.0975337375885
2025-09-01,Activewear,West,62773.78681492354,2226.55213815899,0.17003338580305466,0.25545730062612143,16036.02212981998
2025-09-01,Activewear,East,43722.615931061504,1139.2595759478884,0.10672201974548326,0.30197445349557617,13203.113051179269
2025-10-01,T-Shirts,North,80197.40255753462,2018.7540381621388,0.14367226478021533,0.18085099594726162,14503.780124913601
2025-10-01,T-Shirts,South,55921.08759126153,1500.1707631224167,0.14109159323068643,0.23075548105914198,12904.09746847197
2025-10-01,T-Shirts,West,69944.1419077451,2384.4420823402425,0.11866066240821108,0.1807900276183615,12645.203347243832
2025-10-01,T-Shirts,East,49706.22432481326,1371.8248874075841,0.20429450793144627,0.21100731267610098,10488.376818054288
2025-10-01,Shirts,North,64174.704196769555,1831.3964347651229,0.19036687714749717,0.2642201950018032,16956.252857053492
2025-10-01,Shirts,South,60945.43980678694,1834.1374331007432,0.1313017007086908,0.2254595113268946,13740.729076440854
2025-10-01,Shirts,West,65927.02393792314,1733.4382004992603,0.13500352963778856,0.2253898480053475,14859.281904813402
2025-10-01,Shirts,East,47677.47980060144,1150.411529280708,0.22392269115954347,0.1916509378129281,9137.433716342202
2025-10-01,Jeans,North,79694.37688688567,2060.0849066188957,0.15121370003738818,0.21239282921537178,16926.514179561782
2025-10-01,Jeans,South,69813.6701183951,2073.742792268842,0.19963773405985277,0.2829825116373948,19756.047716727982
2025-10-01,Jeans,West,85615.3061920464,2140.518286728086,0.11255342980288072,0.2696287681666187,23084.34954476935
2025-10-01,Jeans,East,66179.10979375528,1951.297818777709,0.12203737476276778,0.21934651527418536,14516.157117207933
2025-10-01,Dresses,North,68324.97066399145,1845.5453224358348,0.09710814820261365,0.22658034019741025,15481.095097025258
2025-10-01,Dresses,South,64260.96903302418,2298.046885299055,0.1067074915433723,0.2604849562671811,16739.01570825398
2025-10-01,Dresses,West,78363.24647749617,2400.0583860454117,0.18347769730516378,0.267979788671542,20999.76623065538
2025-10-01,Dresses,East,56333.055505202174,1861.5995479082926,0.16068511703318403,0.29839496543914673,16809.500150556338
2025-10-01,Jackets,North,60763.96638928989,1584.3065068278204,0.11383185591458232,0.28281373292266604,17184.884161742488
2025-10-01,Jackets,South,52381.407445125704,1322.385613215832,0.1669216981538814,0.24933199673489692,13060.360910077387
2025-10-01,Jackets,West,66120.93611225704,1881.9105468697749,0.18261830157005526,0.20336189807885188,13446.479070539093
2025-10-01,Jackets,East,45190.58032416399,1133.8556388068405,0.12247968638574155,0.25226708879015675,11400.096139114587
2025-10-01,Activewear,North,71539.8847610288,2660.100430228356,0.09323789480557437,0.272005576235559,19459.247578249127
2025-10-01,Activewear,South,59622.18570020366,1799.4033734672241,0.13859945806089566,0.24311546886415172,14495.075631210535
2025-10-01,Activewear,West,65848.59850318251,1859.494171900308,0.16358141047122493,0.2850761874281807,18771.867408776277
2025-10-01,Activewear,East,50759.681842782,1957.894166901247,0.141222265766984,0.2957830717732772,15013.854617692303
2025-11-01,T-Shirts,North,76380.75972426942,2158.429390003105,0.17255596865966527,0.2357495150152849,18006.727061495523
2025-11-01,T-Shirts,South,68268.15538620552,2706.7909225751737,0.20831342874368974,0.18116226446032146,12367.613620294083
2025-11-01,T-Shirts,West,82052.68179855075,2714.6485399445937,0.1284945633277372,0.2282222874659372,18726.25073277992
2025-11-01,T-Shirts,East,57824.09707254525,1456.979157109423,0.13484851687277852,0.2560054347217857,14803.283108451684
2025-11-01,Shirts,North,75375.82244035178,2076.508020782656,0.15704123825171556,0.17550079229404314,13228.516558096853
2025-11-01,Shirts,South,58998.793233242366,1406.4664410898586,0.09483937448126903,0.17984801044985294,10610.815581940886
2025-11-01,Shirts,West,75406.33286533502,2066.70377832237,0.1374075599041325,0.2811722156634933,21202.165686805143
2025-11-01,Shirts,East,55640.17545004847,1924.022529079415,0.18925905300813975,0.22028817621487268,12256.87277416671
2025-11-01,Jeans,North,99220.82675196117,3184.574406673303,0.08184618551532313,0.29277993392624885,29049.867100546977
2025-11-01,Jeans,South,77434.14582048815,2751.826379573671,0.07368072591143002,0.3147435070735636,24371.894622786167
2025-11-01,Jeans,West,95123.53116305025,2296.1456321732026,0.18027831242146575,0.23634101816138445,22481.592206181478
2025-11-01,Jeans,East,66506.3441256239,1751.1465166786186,0.1556395276104492,0.2511959649369488,16706.12528706487
2025-11-01,Dresses,North,82555.06194884462,3131.544833860796,0.1898118638559594,0.2672879095124779,22065.96992797979
2025-11-01,Dresses,South,71209.9614882375,2179.8476896000143,0.09956234640733287,0.318186093909312,22658.01949337483
2025-11-01,Dresses,West,84403.0873192197,3355.219019781648,0.06561512040468784,0.21133554519598916,17837.372474831976
2025-11-01,Dresses,East,61480.94953884594,1602.9003873036017,0.10992174550533491,0.18539346349003916,11398.166173662974
2025-11-01,Jackets,North,61914.27441647745,1779.1269074040908,0.04,0.31182325328629806,19306.31047340661
2025-11-01,Jackets,South,51891.02072464713,1314.2888842419686,0.08648607355918542,0.25805997678931575,13390.995603776342
2025-11-01,Jackets,West,67345.29358264718,1917.20530801569,0.07787358898633559,0.2811153511080208,18931.7958509586
2025-11-01,Jackets,East,52135.08309649835,2156.4920628407413,0.13937722635763986,0.16975725037997585,8850.308354793116
2025-11-01,Activewear,North,71369.77317843438,2901.486763600041,0.09931070884009907,0.2489758330568533,17769.348732179365
2025-11-01,Activewear,South,60383.42717042691,2288.2145432148313,0.21089589370822853,0.23861593734646536,14408.448074463442
2025-11-01,Activewear,West,74346.1944497492,2752.0657884726957,0.15576622516102714,0.24512469087582933,18224.08793228907
2025-11-01,Activewear,East,51731.34759427311,1408.9376362955627,0.13268336664640784,0.22091803445406216,11428.387630186693
2025-12-01,T-Shirts,North,85603.69104296662,2322.8062619651137,0.17770684234397874,0.20752139058715496,17764.597004629613
2025-12-01,T-Shirts,South,75978.73961739916,1964.95798324071,0.21928273295354467,0.22016702963049334,16728.01341663146
2025-12-01,T-Shirts,West,97437.99968639346,2910.747666055737,0.12898654818596944,0.2319214515461326,22597.962323019987
2025-12-01,T-Shirts,East,62342.77010062196,2485.1284118784783,0.13068618983734984,0.2273238293650263,14171.99723249685
2025-12-01,Shirts,North,73198.34813454316,1761.0329901751961,0.17908746758808625,0.19121421770371427,13996.564875750804
2025-12-01,Shirts,South,62906.12465696081,1646.1291990709103,0.15890404334825578,0.3093630473795257,19460.830422713716
2025-12-01,Shirts,West,86557.23605568473,3078.9935039422844,0.17963456513533144,0.18765394948508826,16242.807202362323
2025-12-01,Shirts,East,57450.72298373638,1585.1051543918086,0.14841805581594947,0.17965323787870202,10321.208402500604
2025-12-01,Jeans,North,98829.38356989028,2644.709010498547,0.15912381728662334,0.16905506045886348,16707.60741452001
2025-12-01,Jeans,South,79922.19451945416,2605.136476559158,0.14010033183519874,0.2776133244491058,22187.466117813776
2025-12-01,Jeans,West,112094.13854120573,3421.6727240113028,0.1093502081708977,0.1945740973212164,21810.615821654475
2025-12-01,Jeans,East,70041.0373017961,2020.668719334441,0.1964443157376653,0.26954768688697794,18879.399591863676
2025-12-01,Dresses,North,82663.13173587807,2241.1134425273276,0.14781115900468342,0.24959909881456888,20632.643186465153
2025-12-01,Dresses,South,73248.78581643943,2229.0491056255696,0.15446200695674947,0.22296679594212396,16332.047080142393
2025-12-01,Dresses,West,94674.22519998948,3107.516630974745,0.04,0.23555511831629986,22300.99831848754
2025-12-01,Dresses,East,65144.34944090219,2098.758591965662,0.07173933359255924,0.3055201708008524,19902.91276789485
2025-12-01,Jackets,North,66416.22185136299,1602.05939186663,0.14559267467788223,0.18458611109559486,12259.512105205364
2025-12-01,Jackets,South,58389.9889427969,2305.813842898693,0.1334569850977115,0.19838532736920103,11583.717071500792
2025-12-01,Jackets,West,76281.96782146617,2402.1295771384484,0.10778095375774094,0.2749890135525355,20976.70308307124
2025-12-01,Jackets,East,47076.19543785906,1281.961995006449,0.11431065395164634,0.23776725146577876,11193.177598725582
2025-12-01,Activewear,North,76307.66957467282,1946.869167725618,0.22345365926023786,0.22448416603770766,17129.863566751388
2025-12-01,Activewear,South,72374.53822563127,1826.3078001897338,0.11834310343806836,0.2417076690787018,17493.48093516474
2025-12-01,Activewear,West,82085.77926406244,2445.864345288274,0.12832499935705713,0.24050419117808877,19741.973949126466
2025-12-01,Activewear,East,54785.74600189487,1342.4670716763383,0.13353858356422407,0.1733244717938978,9495.710487613076
2026-01-01,T-Shirts,North,62642.94818141235,1946.3206592043452,0.1755919814154097,0.15501064635378947,9710.323887107668
2026-01-01,T-Shirts,South,60237.679775951154,1673.1035876606716,0.20986822675318825,0.18014941318699051,10851.782663383447
2026-01-01,T-Shirts,West,65399.71830281436,1577.4774654588134,0.11259629965718548,0.26027121546080756,17021.664173467918
2026-01-01,T-Shirts,East,43002.21992999077,1344.3443414838705,0.1514192919656494,0.244613398373313,10518.919154671654
2026-01-01,Shirts,North,56482.442583142765,1377.5178769915406,0.1823056849587672,0.22511194301942614,12714.872396374443
2026-01-01,Shirts,South,52036.881428488734,1481.6352193899477,0.16904945710217353,0.26760559387450567,13925.360558047962
2026-01-01,Shirts,West,60661.04906256303,2175.6228660445404,0.2134163637502171,0.17716851424711116,10747.227935085406
2026-01-01,Shirts,East,43926.35033820823,1229.6655363993425,0.1736185959357565,0.2028338366718077,8909.750170088733
2026-01-01,Jeans,North,69712.40332028762,1757.1500923941628,0.14479430846365662,0.2512429927062152,17514.752838931752
2026-01-01,Jeans,South,65636.01720478733,1760.0521895105974,0.11901295141192081,0.2820885178959202,18515.16681388958
2026-01-01,Jeans,West,79072.95660730712,2051.6460646089145,0.07475764831883534,0.2890861426708852,22858.896015188704
2026-01-01,Jeans,East,54145.632963229276,1700.527112643622,0.1232474985835363,0.2512585513672662,13604.553301204685
2026-01-01,Dresses,North,61341.56904909753,2055.5073026150376,0.13070105714116603,0.19952383958031872,12239.10538255718
2026-01-01,Dresses,South,48984.488869700275,1341.3642391528606,0.08538734427446618,0.1847457755278068,9049.677385065997
2026-01-01,Dresses,West,63391.88978549257,2256.673698352793,0.07046095929666257,0.2712779469784888,17196.82171609506
2026-01-01,Dresses,East,44530.31123848006,1235.9975823198058,0.09903323446700243,0.33417362112359994,14880.85535632382
2026-01-01,Jackets,North,51978.389857066955,1558.8775413247495,0.11538258774211199,0.23371754465989658,12148.261652768562
2026-01-01,Jackets,South,42836.02103065419,1421.1189052096502,0.06746923899563818,0.2087968102080354,8944.024553204916
2026-01-01,Jackets,West,55259.70611836589,1581.4562662289147,0.23978885828526728,0.2298729572432429,12702.712061821288
2026-01-01,Jackets,East,38046.67651045086,1030.343243332249,0.16415178654040444,0.2423885745497866,9222.079685725033
2026-01-01,Activewear,North,56518.79486028457,2253.108077922646,0.1271833092445215,0.2388744576919608,13500.89647165366
2026-01-01,Activewear,South,50353.198231661474,1949.741618650166,0.05381694336120767,0.2677221828857611,13480.668145859856
2026-01-01,Activewear,West,56375.85075606578,1466.041695132387,0.08033848072529032,0.19495792110817825,10990.918664107503
2026-01-01,Activewear,East,42942.630447743504,1227.4229836538204,0.08546673385433481,0.29301363473057035,12582.776232384984
2026-02-01,T-Shirts,North,58630.52439484117,2150.735292067266,0.1498915082501339,0.2036159857514713,11938.11201978127
2026-02-01,T-Shirts,South,55528.810670060535,1659.908192409156,0.1329384560221954,0.2546639080872204,14141.183936672958
2026-02-01,T-Shirts,West,59991.51518731913,1451.4304356322416,0.17982136320821795,0.2759720374842367,16555.98067801099
2026-02-01,T-Shirts,East,46158.48255091068,1361.443389767848,0.16563510261915582,0.2169985201439116,10016.322405636183
2026-02-01,Shirts,North,56396.93416057218,1455.5775635944094,0.18444841130663747,0.21550509266178813,12153.826522114872
2026-02-01,Shirts,South,49788.03351370204,1789.8543604187284,0.0968827627690138,0.317326219042388,15799.048428458767
2026-02-01,Shirts,West,55364.286493901716,1455.061058677555,0.12881926609918418,0.27301481350038453,15115.270351714435
2026-02-01,Shirts,East,40601.96248261438,1283.763620719484,0.12969292190902593,0.25437227300967397,10328.013485356125
2026-02-01,Jeans,North,69366.51219210822,2007.1937226385144,0.22653171074980247,0.229066597391421,15889.550920756748
2026-02-01,Jeans,South,60667.95354856809,1534.7184516533619,0.12166205535050313,0.24287455613665396,14734.702289827615
2026-02-01,Jeans,West,77318.47012258336,2213.6724260104575,0.12338490992671802,0.19302210292472746,14924.17369798375
2026-02-01,Jeans,East,55172.86878570794,1777.6878911217418,0.12602730782419352,0.33618026907943344,18548.02987426357
2026-02-01,Dresses,North,61518.541067851846,1940.1832530976665,0.20376025624498303,0.25285734868542953,15555.41518941273
2026-02-01,Dresses,South,59366.84643069926,1418.8132487233302,0.15560423856333738,0.29253239831233074,17366.725966612288
2026-02-01,Dresses,West,66857.52203170944,2617.5678730035575,0.12083888379539373,0.2091791157723282,13985.197341321931
2026-02-01,Dresses,East,46249.71673100524,1521.8762069168101,0.13153375607166518,0.2170141222878647,10036.841682441473
2026-02-01,Jackets,North,51911.46807365734,1302.9521391095511,0.05998469592083677,0.28519727816604573,14805.009400210656
2026-02-01,Jackets,South,49758.647504610766,1667.6263457302127,0.18524510466129815,0.18282677771435346,9097.213186692341
2026-02-01,Jackets,West,59373.943182520045,1834.0177770780538,0.14885585542147203,0.24127563076025693,14325.485592086181
2026-02-01,Jackets,East,36892.58633242558,894.6421439566537,0.1542440196600866,0.20379101736119185,7518.37770177061
2026-02-01,Activewear,North,58947.98133030423,2290.1156975715944,0.0663828476392759,0.32218727921469675,18992.28972000946
2026-02-01,Activewear,South,49929.140959573815,1650.2071202453124,0.1791089554267421,0.24863169983239147,12413.967187949918
2026-02-01,Activewear,West,58236.65877921768,1391.0682401156323,0.11576161976373392,0.25203831954176065,14677.869614440946
2026-02-01,Activewear,East,45549.891330464474,1163.2749561039846,0.23436982929917624,0.2217366841240913,10100.081865829887
2026-03-01,T-Shirts,North,66353.95119946101,2523.0749483037157,0.14608975911088745,0.2564993459286243,17019.745082441605
2026-03-01,T-Shirts,South,58924.886385218764,1603.07527399108,0.12463047427714227,0.19978618062847794,11772.377994869858
2026-03-01,T-Shirts,West,62622.35720896045,2010.6282068391668,0.18285960971106446,0.30145014731336506,18877.518805751297
2026-03-01,T-Shirts,East,46046.91180914281,1383.5284542599911,0.1597268089807048,0.26344279396256076,12130.727100348215
2026-03-01,Shirts,North,59613.99753173325,1932.3060455311415,0.15554996560639858,0.2554529472567259,15228.571367236442
2026-03-01,Shirts,South,53307.845959550265,1808.012483175319,0.15212681094870661,0.21030453558570308,11210.881787597416
2026-03-01,Shirts,West,64817.12622084745,2144.1470593594763,0.11956894081940334,0.24991962425899902,16199.071830662308
2026-03-01,Shirts,East,44797.337578733786,1154.4321984828618,0.15887378685646852,0.26301599507224604,11782.416319857988
2026-03-01,Jeans,North,82914.11756704366,3054.2537490368863,0.1551014637858338,0.14731433549887105,12214.438132864308
2026-03-01,Jeans,South,67213.60337205463,2523.5321957838105,0.10257195090283226,0.24755582157951808,16639.11880408885
2026-03-01,Jeans,West,81967.7574407408,1980.62476121491,0.1538361739460529,0.17307302735658386,14186.407925899162
2026-03-01,Jeans,East,55552.836073008795,1677.7984705326153,0.08772990727815606,0.2542514680023888,14124.390123258545
2026-03-01,Dresses,North,63649.179791197166,1810.6544105308774,0.1569967928498292,0.201223026594835,12807.680597863502
2026-03-01,Dresses,South,60652.48313577941,2416.0203372381293,0.12039507080814064,0.3000371400068991,18197.99757437593
2026-03-01,Dresses,West,72927.7124675399,1748.605155841398,0.11483113129968824,0.23008138808518708,16779.309314408983
2026-03-01,Dresses,East,49838.658805357525,1903.3337450489867,0.10239688014065772,0.2435746529236853,12139.434020696932
2026-03-01,Jackets,North,53136.89319535419,1601.9757822821452,0.13766873000689694,0.18811549257413002,9995.872837302992
2026-03-01,Jackets,South,49583.38448221874,1407.41437639732,0.04,0.30870119689337455,15306.4501356853
2026-03-01,Jackets,West,53270.72709082526,1739.7551972616377,0.11988555691482924,0.2903133808759448,15465.204883457267
2026-03-01,Jackets,East,39896.89012502317,1072.3512166924127,0.10405703196729763,0.16289355858637394,6498.946408994586
2026-03-01,Activewear,North,60013.44297934133,1784.224882032764,0.14763118024311458,0.20353536875843314,12214.858247263439
2026-03-01,Activewear,South,53710.44810412683,1586.09746881585,0.18384571757490212,0.2201054637928403,11821.963090480116
2026-03-01,Activewear,West,65539.86749419074,2454.5961556223565,0.08800294184170618,0.3000865906189931,19667.63538595227
2026-03-01,Activewear,East,44073.76863742301,1353.2709109054927,0.06826444856808897,0.2096327940754829,9239.307264899375
2026-04-01,T-Shirts,North,74282.77014482973,1854.40241891523,0.15058043452816602,0.2772782738239842,20596.998280622174
2026-04-01,T-Shirts,South,56074.579681375755,1759.1000590368956,0.1905066642102671,0.20624576824130691,11565.144765193721
2026-04-01,T-Shirts,West,81555.59796653072,2273.7469420259513,0.13274282846484978,0.25321903837854587,20651.4300914722
2026-04-01,T-Shirts,East,53652.06645981549,1530.6942932081788,0.1614401867079595,0.20712630919009772,11112.754506243415
2026-04-01,Shirts,North,63685.65561036025,1917.0880798096318,0.12950280836115524,0.23665961692143703,15071.822860138423
2026-04-01,Shirts,South,54279.888637045544,2126.4335836355913,0.1435605301909551,0.24621762513843748,13364.665272992212
2026-04-01,Shirts,West,61012.829739560155,2013.9798068298492,0.11627736826702069,0.2731122093818845,16663.348730812024
2026-04-01,Shirts,East,49408.63375105888,1807.6205827300723,0.21335668695983487,0.24048852543733512,11882.209474665498
2026-04-01,Jeans,North,85032.75673053734,2412.691274080879,0.09594422101437428,0.21257890721217662,18076.170503016485
2026-04-01,Jeans,South,68163.92271919198,2603.1712236152757,0.18976873638320763,0.24304899259490043,16567.172748216257
2026-04-01,Jeans,West,87667.8645805014,3541.403047959408,0.2274251055205488,0.26134786722064696,22911.809431902537
2026-04-01,Jeans,East,66253.03286609234,1768.3830744002219,0.15422332355723348,0.27355959356081133,18124.152743019295
2026-04-01,Dresses,North,69932.84674192141,1718.019364665012,0.09223556496974472,0.23690038335114116,16567.118201997786
2026-04-01,Dresses,South,57683.57215951198,1815.2398055721253,0.2225293208473145,0.173502444903181,10008.240800424393
2026-04-01,Dresses,West,74787.99341564797,1871.3537282832597,0.11754340150499858,0.2019404481731165,15102.720908324036
2026-04-01,Dresses,East,56048.7653488882,1448.7734974766463,0.12247952287961149,0.25702246525922645,14405.791844707152
2026-04-01,Jackets,North,56050.64675814898,1431.4711422279875,0.2023305509208997,0.25028526798926576,14028.651144834987
2026-04-01,Jackets,South,51411.72818125669,1435.6441587765214,0.13814597014166682,0.19625979227196194,10090.05509319601
2026-04-01,Jackets,West,61612.312018552926,1591.2214801653483,0.1006889397793677,0.25582563083651955,15762.008589442778
2026-04-01,Jackets,East,39010.2272915883,996.8714820355427,0.14389748556695336,0.2992134031137996,11672.382864158957
2026-04-01,Activewear,North,65614.90051182621,2235.1541877294935,0.24707574013811778,0.2669216169549331,17514.03534095372
2026-04-01,Activewear,South,58241.98942341691,1466.3208554845664,0.18803887393372354,0.24774774141764527,14429.321335321923
2026-04-01,Activewear,West,68176.02633934251,2820.924914988684,0.07490657936697855,0.2927786052708862,19960.481904543904
2026-04-01,Activewear,East,45958.98687307307,1098.1160022800466,0.12059395342212886,0.2180239004049294,10020.15757672634
2026-05-01,T-Shirts,North,69524.36508034938,2045.3438532141981,0.18648602819892743,0.24992419531087404,17375.82099720575
2026-05-01,T-Shirts,South,67418.2930293752,2461.919256723166,0.21384841689905432,0.1938106524341526,13066.38335802009
2026-05-01,T-Shirts,West,75627.31825426381,2006.1449391287497,0.16066096876281388,0.18302368114118342,13841.59018173118
2026-05-01,T-Shirts,East,50439.02824436249,1890.5193695611729,0.19250716110224972,0.20957333329100075,10570.67527712998
2026-05-01,Shirts,North,71077.41462502212,1779.09144439559,0.1420163716473429,0.18083454793030238,12853.252141770537
2026-05-01,Shirts,South,60968.957424382184,1940.0064511630858,0.09134546584434575,0.30221953057443035,18426.009692409214
2026-05-01,Shirts,West,66772.90157912548,1877.6549534034782,0.27511896785507134,0.1981340770495462,13229.987226300213
2026-05-01,Shirts,East,46706.11069325318,1369.4106954785934,0.2527676609486379,0.2438241367387367,11388.077120206335
2026-05-01,Jeans,North,88992.44413392509,3083.9361092165523,0.15666371271405324,0.2349212025877156,20906.21199716178
2026-05-01,Jeans,South,78546.54411682476,3093.9611784448257,0.12234169198637823,0.23131742607831296,18169.18441245056
2026-05-01,Jeans,West,92798.63972154484,2429.5973607724172,0.17298873438567297,0.13237924276304375,12284.613655778618
2026-05-01,Jeans,East,65777.71108837434,2467.822918426365,0.09774299557287378,0.19046116995193701,12528.099810652278
2026-05-01,Dresses,North,74240.46984095793,2135.3069423929082,0.12452136212275225,0.25306219752447295,18787.456443202173
2026-05-01,Dresses,South,66909.05020051045,2118.550603531094,0.1849465162986409,0.2456421389168772,16435.682204150096
2026-05-01,Dresses,West,78133.68600268861,1997.4640770658323,0.08682523434744341,0.30156361599808157,23562.27688222947
2026-05-01,Dresses,East,49829.7389311114,1441.0051257907542,0.10800177601961766,0.21301276822801837,10614.370629795498
2026-05-01,Jackets,North,59847.650292399325,2037.22393020679,0.05042022854967168,0.30850665815796313,18463.398590314562
2026-05-01,Jackets,South,51087.58289487741,1304.7589928169878,0.15311200479563725,0.21776626893336004,11125.152315841198
2026-05-01,Jackets,West,58948.447806105905,2232.672524969354,0.04,0.28319902312362394,16694.142833343125
2026-05-01,Jackets,East,43487.07661655118,1320.338824832714,0.20475666465465414,0.20233679839035154,8799.035853948888
2026-05-01,Activewear,North,65432.617376809554,1870.3555575879718,0.15109484152337607,0.25095263665286527,16420.487853808445
2026-05-01,Activewear,South,56991.05848680052,1590.809539660722,0.12549306655840212,0.23894884544836542,13617.947626301251
2026-05-01,Activewear,West,68326.55481341462,1694.9188234024373,0.0927903840682063,0.22811351550312825,15586.210620705198
2026-05-01,Activewear,East,48039.78887333465,1275.3079109849093,0.19717098560317847,0.2115008290023976,10160.455171810434
2026-06-01,T-Shirts,North,76194.81840249163,3096.7152879264536,0.12637547443834796,0.24932613401571105,18997.359504322394
2026-06-01,T-Shirts,South,62207.89733800804,1981.1608402984434,0.19315797536915952,0.21254824412165665,13222.179349693888
2026-06-01,T-Shirts,West,81226.04828448675,1987.774692484782,0.1832172647966845,0.2220397321197383,18035.410002232366
2026-06-01,T-Shirts,East,55152.358231087215,1922.834620796477,0.19574191058298224,0.17759020148503246,9794.518410633467
2026-06-01,Shirts,North,70062.65875219791,2165.717439967078,0.09895381879194678,0.2581659317423886,18087.79157711019
2026-06-01,Shirts,South,61103.26863376734,2017.2010585890978,0.12694337904408778,0.21721098203906591,13272.300985737456
2026-06-01,Shirts,West,73953.24409671772,2212.7753071784537,0.2116886807242922,0.20556501834136848,15202.199979145478
2026-06-01,Shirts,East,51994.13177257408,1415.151651868945,0.12275844007080762,0.25004958188184045,13001.110910041465
2026-06-01,Jeans,North,84210.67891965694,3120.770115215217,0.04,0.2603066923331141,21920.603288701797
2026-06-01,Jeans,South,86417.77674971122,2751.1264067671846,0.1578619417452339,0.3067606618290776,26509.574389538888
2026-06-01,Jeans,West,95043.18954730834,2467.675849442874,0.09723986764468895,0.2333126239947772,22174.77594611549
2026-06-01,Jeans,East,66704.39957169394,1748.3392211281002,0.10093161193939591,0.22670221558845252,15122.03517240044
2026-06-01,Dresses,North,77115.16439755376,2049.7616746834206,0.08710021262835796,0.20890044444046904,16109.392115748815
2026-06-01,Dresses,South,69245.54379469989,1739.7966316188526,0.11686849289880052,0.1943843491810368,13460.24996421972
2026-06-01,Dresses,West,88122.41416488453,2615.1697657851564,0.1264973261344239,0.21165529990396992,18651.57599833048
2026-06-01,Dresses,East,59224.0641784082,1653.2855488381813,0.11081390817075056,0.2914107319621237,17258.527892001723
2026-06-01,Jackets,North,63474.37600315297,2176.1287849239434,0.0652774909757185,0.2798428566844255,17762.85070698367
2026-06-01,Jackets,South,58981.82132079677,1665.0955965386404,0.1098705146953562,0.2963808925173543,17481.08484535686
2026-06-01,Jackets,West,67170.876785382,2502.3436024282137,0.16837481538049986,0.26545888584379723,17831.10611259849
2026-06-01,Jackets,East,48876.877657525234,1645.5913598727163,0.11493511005520567,0.23564501526720813,11517.592581820998
2026-06-01,Activewear,North,68107.2786330765,2133.297605755673,0.14906195795170574,0.2120751776904039,14443.863218119546
2026-06-01,Activewear,South,63207.545014240684,1584.804581406601,0.13108987555027413,0.2935462629969441,18554.338632141476
2026-06-01,Activewear,West,75924.9194909631,1820.1310217479854,0.15035673083123802,0.2775808161115971,21075.301115508842
2026-06-01,Activewear,East,57991.17081315781,2148.8407968012307,0.12157850807479531,0.28194807202261685,16350.498805104095
